<annotation>
	<folder>my-project-name</folder>
	<filename>0032.jpg</filename>
	<path>/my-project-name/0032.jpg</path>
	<source>
		<database>Unspecified</database>
	</source>
	<size>
		<width>128</width>
		<height>96</height>
		<depth>3</depth>
	</size>
	<object>
		<name>window</name>
		<pose>Unspecified</pose>
		<truncated>Unspecified</truncated>
		<difficult>Unspecified</difficult>
		<bndbox>
			<xmin>0</xmin>
			<ymin>3</ymin>
			<xmax>34</xmax>
			<ymax>96</ymax>
		</bndbox>
	</object>
	<object>
		<name>window</name>
		<pose>Unspecified</pose>
		<truncated>Unspecified</truncated>
		<difficult>Unspecified</difficult>
		<bndbox>
			<xmin>42</xmin>
			<ymin>44</ymin>
			<xmax>65</xmax>
			<ymax>59</ymax>
		</bndbox>
	</object>
	<object>
		<name>window</name>
		<pose>Unspecified</pose>
		<truncated>Unspecified</truncated>
		<difficult>Unspecified</difficult>
		<bndbox>
			<xmin>42</xmin>
			<ymin>81</ymin>
			<xmax>70</xmax>
			<ymax>96</ymax>
		</bndbox>
	</object>
	<object>
		<name>window</name>
		<pose>Unspecified</pose>
		<truncated>Unspecified</truncated>
		<difficult>Unspecified</difficult>
		<bndbox>
			<xmin>94</xmin>
			<ymin>91</ymin>
			<xmax>107</xmax>
			<ymax>96</ymax>
		</bndbox>
	</object>
	<object>
		<name>window</name>
		<pose>Unspecified</pose>
		<truncated>Unspecified</truncated>
		<difficult>Unspecified</difficult>
		<bndbox>
			<xmin>91</xmin>
			<ymin>62</ymin>
			<xmax>97</xmax>
			<ymax>69</ymax>
		</bndbox>
	</object>
</annotation>