<annotation>
	<folder>my-project-name</folder>
	<filename>0033.jpg</filename>
	<path>/my-project-name/0033.jpg</path>
	<source>
		<database>Unspecified</database>
	</source>
	<size>
		<width>128</width>
		<height>96</height>
		<depth>3</depth>
	</size>
	<object>
		<name>window</name>
		<pose>Unspecified</pose>
		<truncated>Unspecified</truncated>
		<difficult>Unspecified</difficult>
		<bndbox>
			<xmin>84</xmin>
			<ymin>64</ymin>
			<xmax>91</xmax>
			<ymax>69</ymax>
		</bndbox>
	</object>
	<object>
		<name>window</name>
		<pose>Unspecified</pose>
		<truncated>Unspecified</truncated>
		<difficult>Unspecified</difficult>
		<bndbox>
			<xmin>85</xmin>
			<ymin>91</ymin>
			<xmax>100</xmax>
			<ymax>96</ymax>
		</bndbox>
	</object>
	<object>
		<name>window</name>
		<pose>Unspecified</pose>
		<truncated>Unspecified</truncated>
		<difficult>Unspecified</difficult>
		<bndbox>
			<xmin>35</xmin>
			<ymin>41</ymin>
			<xmax>58</xmax>
			<ymax>59</ymax>
		</bndbox>
	</object>
	<object>
		<name>window</name>
		<pose>Unspecified</pose>
		<truncated>Unspecified</truncated>
		<difficult>Unspecified</difficult>
		<bndbox>
			<xmin>37</xmin>
			<ymin>84</ymin>
			<xmax>66</xmax>
			<ymax>96</ymax>
		</bndbox>
	</object>
	<object>
		<name>window</name>
		<pose>Unspecified</pose>
		<truncated>Unspecified</truncated>
		<difficult>Unspecified</difficult>
		<bndbox>
			<xmin>0</xmin>
			<ymin>6</ymin>
			<xmax>28</xmax>
			<ymax>96</ymax>
		</bndbox>
	</object>
</annotation>