<annotation>
	<folder>my-project-name</folder>
	<filename>0037.jpg</filename>
	<path>/my-project-name/0037.jpg</path>
	<source>
		<database>Unspecified</database>
	</source>
	<size>
		<width>128</width>
		<height>96</height>
		<depth>3</depth>
	</size>
	<object>
		<name>window</name>
		<pose>Unspecified</pose>
		<truncated>Unspecified</truncated>
		<difficult>Unspecified</difficult>
		<bndbox>
			<xmin>0</xmin>
			<ymin>8</ymin>
			<xmax>27</xmax>
			<ymax>95</ymax>
		</bndbox>
	</object>
	<object>
		<name>window</name>
		<pose>Unspecified</pose>
		<truncated>Unspecified</truncated>
		<difficult>Unspecified</difficult>
		<bndbox>
			<xmin>34</xmin>
			<ymin>44</ymin>
			<xmax>59</xmax>
			<ymax>62</ymax>
		</bndbox>
	</object>
	<object>
		<name>window</name>
		<pose>Unspecified</pose>
		<truncated>Unspecified</truncated>
		<difficult>Unspecified</difficult>
		<bndbox>
			<xmin>30</xmin>
			<ymin>88</ymin>
			<xmax>62</xmax>
			<ymax>96</ymax>
		</bndbox>
	</object>
	<object>
		<name>window</name>
		<pose>Unspecified</pose>
		<truncated>Unspecified</truncated>
		<difficult>Unspecified</difficult>
		<bndbox>
			<xmin>85</xmin>
			<ymin>67</ymin>
			<xmax>91</xmax>
			<ymax>76</ymax>
		</bndbox>
	</object>
</annotation>