<annotation>
	<folder>folder-11-w</folder>
	<filename>0000.jpg</filename>
	<path>/folder-11-w/0000.jpg</path>
	<source>
		<database>Unspecified</database>
	</source>
	<size>
		<width>128</width>
		<height>96</height>
		<depth>3</depth>
	</size>
	<object>
		<name>window</name>
		<pose>Unspecified</pose>
		<truncated>Unspecified</truncated>
		<difficult>Unspecified</difficult>
		<bndbox>
			<xmin>48</xmin>
			<ymin>58</ymin>
			<xmax>105</xmax>
			<ymax>67</ymax>
		</bndbox>
	</object>
</annotation>