<annotation>
	<folder>folder-11-w</folder>
	<filename>0005.jpg</filename>
	<path>/folder-11-w/0005.jpg</path>
	<source>
		<database>Unspecified</database>
	</source>
	<size>
		<width>128</width>
		<height>96</height>
		<depth>3</depth>
	</size>
	<object>
		<name>window</name>
		<pose>Unspecified</pose>
		<truncated>Unspecified</truncated>
		<difficult>Unspecified</difficult>
		<bndbox>
			<xmin>105</xmin>
			<ymin>48</ymin>
			<xmax>127</xmax>
			<ymax>60</ymax>
		</bndbox>
	</object>
</annotation>