<annotation>
	<folder>folder-11-w</folder>
	<filename>0014.jpg</filename>
	<path>/folder-11-w/0014.jpg</path>
	<source>
		<database>Unspecified</database>
	</source>
	<size>
		<width>128</width>
		<height>96</height>
		<depth>3</depth>
	</size>
	<object>
		<name>window</name>
		<pose>Unspecified</pose>
		<truncated>Unspecified</truncated>
		<difficult>Unspecified</difficult>
		<bndbox>
			<xmin>84</xmin>
			<ymin>53</ymin>
			<xmax>105</xmax>
			<ymax>60</ymax>
		</bndbox>
	</object>
	<object>
		<name>window</name>
		<pose>Unspecified</pose>
		<truncated>Unspecified</truncated>
		<difficult>Unspecified</difficult>
		<bndbox>
			<xmin>17</xmin>
			<ymin>35</ymin>
			<xmax>21</xmax>
			<ymax>51</ymax>
		</bndbox>
	</object>
	<object>
		<name>window</name>
		<pose>Unspecified</pose>
		<truncated>Unspecified</truncated>
		<difficult>Unspecified</difficult>
		<bndbox>
			<xmin>23</xmin>
			<ymin>35</ymin>
			<xmax>24</xmax>
			<ymax>50</ymax>
		</bndbox>
	</object>
	<object>
		<name>window</name>
		<pose>Unspecified</pose>
		<truncated>Unspecified</truncated>
		<difficult>Unspecified</difficult>
		<bndbox>
			<xmin>7</xmin>
			<ymin>31</ymin>
			<xmax>10</xmax>
			<ymax>49</ymax>
		</bndbox>
	</object>
	<object>
		<name>window</name>
		<pose>Unspecified</pose>
		<truncated>Unspecified</truncated>
		<difficult>Unspecified</difficult>
		<bndbox>
			<xmin>2</xmin>
			<ymin>31</ymin>
			<xmax>5</xmax>
			<ymax>40</ymax>
		</bndbox>
	</object>
</annotation>