<annotation>
	<folder>folder-11-w</folder>
	<filename>0018.jpg</filename>
	<path>/folder-11-w/0018.jpg</path>
	<source>
		<database>Unspecified</database>
	</source>
	<size>
		<width>128</width>
		<height>96</height>
		<depth>3</depth>
	</size>
	<object>
		<name>window</name>
		<pose>Unspecified</pose>
		<truncated>Unspecified</truncated>
		<difficult>Unspecified</difficult>
		<bndbox>
			<xmin>13</xmin>
			<ymin>27</ymin>
			<xmax>19</xmax>
			<ymax>51</ymax>
		</bndbox>
	</object>
	<object>
		<name>window</name>
		<pose>Unspecified</pose>
		<truncated>Unspecified</truncated>
		<difficult>Unspecified</difficult>
		<bndbox>
			<xmin>21</xmin>
			<ymin>28</ymin>
			<xmax>29</xmax>
			<ymax>49</ymax>
		</bndbox>
	</object>
	<object>
		<name>window</name>
		<pose>Unspecified</pose>
		<truncated>Unspecified</truncated>
		<difficult>Unspecified</difficult>
		<bndbox>
			<xmin>61</xmin>
			<ymin>35</ymin>
			<xmax>65</xmax>
			<ymax>48</ymax>
		</bndbox>
	</object>
	<object>
		<name>window</name>
		<pose>Unspecified</pose>
		<truncated>Unspecified</truncated>
		<difficult>Unspecified</difficult>
		<bndbox>
			<xmin>56</xmin>
			<ymin>34</ymin>
			<xmax>59</xmax>
			<ymax>42</ymax>
		</bndbox>
	</object>
	<object>
		<name>window</name>
		<pose>Unspecified</pose>
		<truncated>Unspecified</truncated>
		<difficult>Unspecified</difficult>
		<bndbox>
			<xmin>38</xmin>
			<ymin>32</ymin>
			<xmax>42</xmax>
			<ymax>42</ymax>
		</bndbox>
	</object>
</annotation>