<annotation>
	<folder>folder-11-w</folder>
	<filename>0019.jpg</filename>
	<path>/folder-11-w/0019.jpg</path>
	<source>
		<database>Unspecified</database>
	</source>
	<size>
		<width>128</width>
		<height>96</height>
		<depth>3</depth>
	</size>
	<object>
		<name>window</name>
		<pose>Unspecified</pose>
		<truncated>Unspecified</truncated>
		<difficult>Unspecified</difficult>
		<bndbox>
			<xmin>30</xmin>
			<ymin>28</ymin>
			<xmax>38</xmax>
			<ymax>53</ymax>
		</bndbox>
	</object>
	<object>
		<name>window</name>
		<pose>Unspecified</pose>
		<truncated>Unspecified</truncated>
		<difficult>Unspecified</difficult>
		<bndbox>
			<xmin>40</xmin>
			<ymin>28</ymin>
			<xmax>47</xmax>
			<ymax>50</ymax>
		</bndbox>
	</object>
	<object>
		<name>window</name>
		<pose>Unspecified</pose>
		<truncated>Unspecified</truncated>
		<difficult>Unspecified</difficult>
		<bndbox>
			<xmin>74</xmin>
			<ymin>31</ymin>
			<xmax>78</xmax>
			<ymax>49</ymax>
		</bndbox>
	</object>
	<object>
		<name>window</name>
		<pose>Unspecified</pose>
		<truncated>Unspecified</truncated>
		<difficult>Unspecified</difficult>
		<bndbox>
			<xmin>79</xmin>
			<ymin>31</ymin>
			<xmax>83</xmax>
			<ymax>47</ymax>
		</bndbox>
	</object>
	<object>
		<name>window</name>
		<pose>Unspecified</pose>
		<truncated>Unspecified</truncated>
		<difficult>Unspecified</difficult>
		<bndbox>
			<xmin>56</xmin>
			<ymin>30</ymin>
			<xmax>60</xmax>
			<ymax>40</ymax>
		</bndbox>
	</object>
</annotation>