<annotation>
	<folder>folder-11-w</folder>
	<filename>0020.jpg</filename>
	<path>/folder-11-w/0020.jpg</path>
	<source>
		<database>Unspecified</database>
	</source>
	<size>
		<width>128</width>
		<height>96</height>
		<depth>3</depth>
	</size>
	<object>
		<name>window</name>
		<pose>Unspecified</pose>
		<truncated>Unspecified</truncated>
		<difficult>Unspecified</difficult>
		<bndbox>
			<xmin>32</xmin>
			<ymin>27</ymin>
			<xmax>41</xmax>
			<ymax>51</ymax>
		</bndbox>
	</object>
	<object>
		<name>window</name>
		<pose>Unspecified</pose>
		<truncated>Unspecified</truncated>
		<difficult>Unspecified</difficult>
		<bndbox>
			<xmin>43</xmin>
			<ymin>27</ymin>
			<xmax>51</xmax>
			<ymax>49</ymax>
		</bndbox>
	</object>
	<object>
		<name>window</name>
		<pose>Unspecified</pose>
		<truncated>Unspecified</truncated>
		<difficult>Unspecified</difficult>
		<bndbox>
			<xmin>79</xmin>
			<ymin>31</ymin>
			<xmax>83</xmax>
			<ymax>47</ymax>
		</bndbox>
	</object>
	<object>
		<name>window</name>
		<pose>Unspecified</pose>
		<truncated>Unspecified</truncated>
		<difficult>Unspecified</difficult>
		<bndbox>
			<xmin>85</xmin>
			<ymin>31</ymin>
			<xmax>88</xmax>
			<ymax>46</ymax>
		</bndbox>
	</object>
	<object>
		<name>window</name>
		<pose>Unspecified</pose>
		<truncated>Unspecified</truncated>
		<difficult>Unspecified</difficult>
		<bndbox>
			<xmin>59</xmin>
			<ymin>29</ymin>
			<xmax>64</xmax>
			<ymax>39</ymax>
		</bndbox>
	</object>
</annotation>