<annotation>
	<folder>folder-11-w</folder>
	<filename>0022.jpg</filename>
	<path>/folder-11-w/0022.jpg</path>
	<source>
		<database>Unspecified</database>
	</source>
	<size>
		<width>128</width>
		<height>96</height>
		<depth>3</depth>
	</size>
	<object>
		<name>window</name>
		<pose>Unspecified</pose>
		<truncated>Unspecified</truncated>
		<difficult>Unspecified</difficult>
		<bndbox>
			<xmin>25</xmin>
			<ymin>26</ymin>
			<xmax>35</xmax>
			<ymax>53</ymax>
		</bndbox>
	</object>
	<object>
		<name>window</name>
		<pose>Unspecified</pose>
		<truncated>Unspecified</truncated>
		<difficult>Unspecified</difficult>
		<bndbox>
			<xmin>37</xmin>
			<ymin>26</ymin>
			<xmax>47</xmax>
			<ymax>51</ymax>
		</bndbox>
	</object>
	<object>
		<name>window</name>
		<pose>Unspecified</pose>
		<truncated>Unspecified</truncated>
		<difficult>Unspecified</difficult>
		<bndbox>
			<xmin>77</xmin>
			<ymin>27</ymin>
			<xmax>82</xmax>
			<ymax>45</ymax>
		</bndbox>
	</object>
	<object>
		<name>window</name>
		<pose>Unspecified</pose>
		<truncated>Unspecified</truncated>
		<difficult>Unspecified</difficult>
		<bndbox>
			<xmin>84</xmin>
			<ymin>27</ymin>
			<xmax>89</xmax>
			<ymax>47</ymax>
		</bndbox>
	</object>
	<object>
		<name>window</name>
		<pose>Unspecified</pose>
		<truncated>Unspecified</truncated>
		<difficult>Unspecified</difficult>
		<bndbox>
			<xmin>56</xmin>
			<ymin>26</ymin>
			<xmax>62</xmax>
			<ymax>40</ymax>
		</bndbox>
	</object>
</annotation>