<annotation>
	<folder>folder-10-w</folder>
	<filename>0000.jpg</filename>
	<path>/folder-10-w/0000.jpg</path>
	<source>
		<database>Unspecified</database>
	</source>
	<size>
		<width>128</width>
		<height>96</height>
		<depth>3</depth>
	</size>
	<object>
		<name>window</name>
		<pose>Unspecified</pose>
		<truncated>Unspecified</truncated>
		<difficult>Unspecified</difficult>
		<bndbox>
			<xmin>26</xmin>
			<ymin>0</ymin>
			<xmax>120</xmax>
			<ymax>96</ymax>
		</bndbox>
	</object>
</annotation>