<annotation>
	<folder>folder-8-w</folder>
	<filename>0017.jpg</filename>
	<path>/folder-8-w/0017.jpg</path>
	<source>
		<database>Unspecified</database>
	</source>
	<size>
		<width>128</width>
		<height>96</height>
		<depth>3</depth>
	</size>
	<object>
		<name>window</name>
		<pose>Unspecified</pose>
		<truncated>Unspecified</truncated>
		<difficult>Unspecified</difficult>
		<bndbox>
			<xmin>34</xmin>
			<ymin>23</ymin>
			<xmax>96</xmax>
			<ymax>96</ymax>
		</bndbox>
	</object>
	<object>
		<name>window</name>
		<pose>Unspecified</pose>
		<truncated>Unspecified</truncated>
		<difficult>Unspecified</difficult>
		<bndbox>
			<xmin>3</xmin>
			<ymin>20</ymin>
			<xmax>13</xmax>
			<ymax>40</ymax>
		</bndbox>
	</object>
</annotation>