<annotation>
	<folder>folder-8-w</folder>
	<filename>0053.jpg</filename>
	<path>/folder-8-w/0053.jpg</path>
	<source>
		<database>Unspecified</database>
	</source>
	<size>
		<width>128</width>
		<height>96</height>
		<depth>3</depth>
	</size>
	<object>
		<name>window</name>
		<pose>Unspecified</pose>
		<truncated>Unspecified</truncated>
		<difficult>Unspecified</difficult>
		<bndbox>
			<xmin>3</xmin>
			<ymin>1</ymin>
			<xmax>11</xmax>
			<ymax>36</ymax>
		</bndbox>
	</object>
	<object>
		<name>window</name>
		<pose>Unspecified</pose>
		<truncated>Unspecified</truncated>
		<difficult>Unspecified</difficult>
		<bndbox>
			<xmin>29</xmin>
			<ymin>1</ymin>
			<xmax>119</xmax>
			<ymax>94</ymax>
		</bndbox>
	</object>
</annotation>