<annotation>
	<folder>folder-39-w</folder>
	<filename>0040.jpg</filename>
	<path>/folder-39-w/0040.jpg</path>
	<source>
		<database>Unspecified</database>
	</source>
	<size>
		<width>128</width>
		<height>96</height>
		<depth>3</depth>
	</size>
	<object>
		<name>window</name>
		<pose>Unspecified</pose>
		<truncated>Unspecified</truncated>
		<difficult>Unspecified</difficult>
		<bndbox>
			<xmin>125</xmin>
			<ymin>94</ymin>
			<xmax>126</xmax>
			<ymax>94</ymax>
		</bndbox>
	</object>
	<object>
		<name>window</name>
		<pose>Unspecified</pose>
		<truncated>Unspecified</truncated>
		<difficult>Unspecified</difficult>
		<bndbox>
			<xmin>46</xmin>
			<ymin>2</ymin>
			<xmax>127</xmax>
			<ymax>95</ymax>
		</bndbox>
	</object>
	<object>
		<name>window</name>
		<pose>Unspecified</pose>
		<truncated>Unspecified</truncated>
		<difficult>Unspecified</difficult>
		<bndbox>
			<xmin>2</xmin>
			<ymin>1</ymin>
			<xmax>7</xmax>
			<ymax>42</ymax>
		</bndbox>
	</object>
</annotation>