<annotation>
	<folder>folder-7-w</folder>
	<filename>0006.jpg</filename>
	<path>/folder-7-w/0006.jpg</path>
	<source>
		<database>Unspecified</database>
	</source>
	<size>
		<width>128</width>
		<height>96</height>
		<depth>3</depth>
	</size>
	<object>
		<name>window</name>
		<pose>Unspecified</pose>
		<truncated>Unspecified</truncated>
		<difficult>Unspecified</difficult>
		<bndbox>
			<xmin>44</xmin>
			<ymin>35</ymin>
			<xmax>97</xmax>
			<ymax>96</ymax>
		</bndbox>
	</object>
	<object>
		<name>window</name>
		<pose>Unspecified</pose>
		<truncated>Unspecified</truncated>
		<difficult>Unspecified</difficult>
		<bndbox>
			<xmin>111</xmin>
			<ymin>27</ymin>
			<xmax>128</xmax>
			<ymax>49</ymax>
		</bndbox>
	</object>
</annotation>