<annotation>
	<folder>folder-7-w</folder>
	<filename>0026.jpg</filename>
	<path>/folder-7-w/0026.jpg</path>
	<source>
		<database>Unspecified</database>
	</source>
	<size>
		<width>128</width>
		<height>96</height>
		<depth>3</depth>
	</size>
	<object>
		<name>window</name>
		<pose>Unspecified</pose>
		<truncated>Unspecified</truncated>
		<difficult>Unspecified</difficult>
		<bndbox>
			<xmin>42</xmin>
			<ymin>28</ymin>
			<xmax>91</xmax>
			<ymax>96</ymax>
		</bndbox>
	</object>
	<object>
		<name>window</name>
		<pose>Unspecified</pose>
		<truncated>Unspecified</truncated>
		<difficult>Unspecified</difficult>
		<bndbox>
			<xmin>109</xmin>
			<ymin>24</ymin>
			<xmax>128</xmax>
			<ymax>48</ymax>
		</bndbox>
	</object>
</annotation>