<annotation>
	<folder>folder-7-w</folder>
	<filename>0034.jpg</filename>
	<path>/folder-7-w/0034.jpg</path>
	<source>
		<database>Unspecified</database>
	</source>
	<size>
		<width>128</width>
		<height>96</height>
		<depth>3</depth>
	</size>
	<object>
		<name>window</name>
		<pose>Unspecified</pose>
		<truncated>Unspecified</truncated>
		<difficult>Unspecified</difficult>
		<bndbox>
			<xmin>122</xmin>
			<ymin>13</ymin>
			<xmax>128</xmax>
			<ymax>78</ymax>
		</bndbox>
	</object>
	<object>
		<name>window</name>
		<pose>Unspecified</pose>
		<truncated>Unspecified</truncated>
		<difficult>Unspecified</difficult>
		<bndbox>
			<xmin>100</xmin>
			<ymin>12</ymin>
			<xmax>121</xmax>
			<ymax>34</ymax>
		</bndbox>
	</object>
	<object>
		<name>window</name>
		<pose>Unspecified</pose>
		<truncated>Unspecified</truncated>
		<difficult>Unspecified</difficult>
		<bndbox>
			<xmin>105</xmin>
			<ymin>32</ymin>
			<xmax>121</xmax>
			<ymax>61</ymax>
		</bndbox>
	</object>
	<object>
		<name>window</name>
		<pose>Unspecified</pose>
		<truncated>Unspecified</truncated>
		<difficult>Unspecified</difficult>
		<bndbox>
			<xmin>26</xmin>
			<ymin>8</ymin>
			<xmax>85</xmax>
			<ymax>96</ymax>
		</bndbox>
	</object>
</annotation>